Customer_ID,Customer_Name,Gender,Phone
KH00045,Ngô Đức Phúc,Anh,919373445
KH00009,Đặng Gia Tài,Anh,853050012
KH00070,Đặng Minh Trúc,Chị,869206033
KH00048,Lý Bảo Kiên,Anh,933051680
KH00444,Tạ Thị Tâm,Chị,904461107
KH00567,Lê Bảo Chi,Chị,844718860
KH00001,Mai Minh An,Anh,853807152
KH00195,Trần Tấn Kiên,Anh,834401669
KH00018,Ngô Văn Linh,Chị,857033519
KH00861,Tạ Tuấn Sơn,Anh,379146269
KH00003,Bùi Anh Vy,Chị,967250448
KH02055,Vũ Hữu Tiên,Chị,345907889
KH00071,Bùi Quốc Hương,Chị,975871309
KH00014,Đinh Thùy Phương,Chị,946009293
KH00075,Mai Nhật Thắng,Anh,332403574
KH00304,Cao Thị Kiên,Anh,767453229
KH00130,Trần Quốc Minh,Anh,931614442
KH00110,Đặng Kim Trung,Anh,356833542
KH00125,Huỳnh Bảo My,Chị,860741326
KH00307,Ngô Nhật Yến,Chị,810028728
KH00113,Đặng Thanh Huy,Anh,854858670
KH00025,Huỳnh Văn Dũng,Anh,782092292
KH00005,Huỳnh Ngọc An,Anh,705762159
KH00073,Lê Kim Loan,Chị,328046120
KH00004,Bùi Thanh Sơn,Anh,358998449
KH00515,Đặng Quốc Nam,Anh,941688807
KH00006,Cao Quốc Phúc,Anh,885212220
KH00019,Nguyễn Quốc Phúc,Anh,330686394
KH00002,Nguyễn Quốc Ngân,Chị,771235506
KH00022,Vũ Văn Tú,Anh,933464208
KH00016,Bùi Anh Ngân,Chị,983133743
KH00684,Lê Mỹ Minh,Anh,820565283
KH00276,Hồ Gia Phong,Anh,331959717
KH00369,Vũ Kim Ngân,Chị,937311979
KH00250,Đặng Quốc Minh,Anh,913689173
KH00017,Đinh Thanh Yến,Chị,373648652
KH00040,Đinh Tuấn Như,Chị,352402878
KH00061,Cao Minh Phong,Anh,861527597
KH00481,Ngô Hoài Quân,Anh,818288530
KH00520,Huỳnh Kim Tú,Anh,818329577
KH00163,Huỳnh Xuân Yến,Chị,982115845
KH00037,Tạ Tấn My,Chị,766654656
KH02106,Lê Bảo Yến,Chị,987999196
KH00008,Mai Tấn Trúc,Chị,760351162
KH00064,Cao Anh Trung,Anh,817278937
KH01080,Ngô Anh My,Chị,962325279
KH00046,Lê Tuấn Khang,Anh,832535522
KH00020,Phan Kim Thắng,Anh,329823170
KH00309,Võ Tuấn An,Anh,972420157
KH01074,Trần Minh Vy,Chị,381818855
KH00337,Nguyễn Xuân Anh,Chị,336521154
KH00007,Dương Nhật Long,Anh,341806456
KH00261,Nguyễn Anh Quỳnh,Chị,775400682
KH00462,Dương Ngọc Dũng,Anh,328428318
KH00021,Phan Bảo Như,Chị,783343025
KH00030,Huỳnh Thùy My,Chị,334101756
KH00038,Đỗ Tấn Long,Anh,980108158
KH00394,Đặng Tuấn Long,Anh,829710528
KH00041,Đặng Kim Trung,Anh,769264412
KH00200,Võ Hoài Trung,Anh,816602850
KH00012,Ngô Khánh Linh,Chị,963857509
KH00180,Phạm Kim Minh,Anh,910734269
KH00015,Cao Gia Nam,Anh,335350525
KH00063,Hoàng Nhật Nam,Anh,795093616
KH00053,Hoàng Hoài Anh,Chị,985337336
KH00548,Nguyễn Tấn Phương,Chị,768734349
KH00268,Tạ Nhật Thảo,Chị,799900170
KH00402,Cao Quốc Tiên,Chị,967026358
KH00049,Phan Anh Bình,Anh,700753306
KH00010,Phạm Quốc Tâm,Chị,327703042
KH00076,Mai Minh Hậu,Chị,913938665
KH00013,Cao Bảo Tú,Anh,766116037
KH00026,Lê Thị Hậu,Chị,700425178
KH00704,Ngô Đức My,Chị,848919380
KH01636,Huỳnh Ngọc Khang,Anh,810674399
KH00043,Đinh Tuấn Nam,Anh,701939481
KH00224,Ngô Anh Hải,Anh,353883877
KH00162,Bùi Minh Quân,Anh,848919515
KH00054,Hồ Nhật Như,Chị,331975267
KH00106,Đặng Nhật Ngân,Chị,866062478
KH00109,Tạ Khánh Như,Chị,933510066
KH01817,Dương Tuấn Nhi,Chị,817392576
KH00032,Huỳnh Ngọc Vinh,Anh,377152914
KH00292,Huỳnh Minh Tú,Anh,779556363
KH01452,Đặng Khánh Mai,Chị,343923697
KH00225,Nguyễn Đức Phúc,Anh,901226872
KH00674,Phạm Anh Nhi,Chị,780669832
KH00023,Mai Anh Trung,Anh,709797872
KH00034,Bùi Anh Nhi,Chị,334441342
KH00142,Ngô Gia Dũng,Anh,339894668
KH00272,Phạm Văn Trúc,Chị,888641632
KH00123,Ngô Khánh Thắng,Anh,868121073
KH00425,Mai Thị Quân,Anh,855393004
KH00318,Đặng Ngọc Loan,Chị,773174209
KH00011,Phạm Thùy Đạt,Anh,931085451
KH01345,Phan Khánh Vy,Chị,393591390
KH00196,Võ Quốc Minh,Anh,964440242
KH00035,Huỳnh Kim Mai,Chị,821504991
KH00024,Đỗ Gia Linh,Chị,338612326
KH00072,Tạ Tuấn Mai,Chị,347464338
KH00220,Võ Thị Chi,Chị,372435293
KH01325,Huỳnh Thùy Bình,Anh,818724679
KH00149,Hoàng Thùy Nam,Anh,880862139
KH00118,Phạm Thùy Hương,Chị,781738560
KH00190,Lý Hữu Yến,Chị,910019313
KH00154,Lê Văn Mai,Chị,360259699
KH01061,Phạm Hữu Huy,Anh,335432456
KH01904,Đinh Tấn Nam,Anh,848917153
KH00090,Lý Quốc Nhi,Chị,708162173
KH00057,Lý Thị Phúc,Anh,884504641
KH00116,Tạ Quốc Chi,Chị,341831931
KH00131,Phan Đức Tú,Anh,703401858
KH00164,Hồ Thanh Vinh,Anh,394535283
KH00033,Đinh Quốc Nam,Anh,366107820
KH00039,Phan Anh Tiên,Chị,941690579
KH00065,Hồ Ngọc Linh,Chị,389649878
KH00094,Vũ Xuân Tâm,Chị,704127044
KH00058,Mai Ngọc Tài,Anh,793864640
KH00222,Đặng Quốc Tài,Anh,987400868
KH00382,Tạ Kim Minh,Anh,380795818
KH00320,Cao Văn Bình,Anh,940834738
KH00069,Huỳnh Hữu My,Chị,881911988
KH00140,Lý Quốc Anh,Chị,909738677
KH00104,Tạ Thị Như,Chị,882608802
KH00141,Mai Minh Trang,Chị,933485054
KH00460,Võ Thị Huy,Anh,940643830
KH00963,Ngô Nhật Trung,Anh,360910772
KH00029,Ngô Thanh Loan,Chị,383858544
KH00397,Trần Văn Phong,Anh,700579336
KH01068,Mai Ngọc Đạt,Anh,854809027
KH00531,Phan Đức Trung,Anh,832233025
KH00948,Phan Hoài Chi,Chị,795676555
KH02092,Tạ Hoài Nhi,Chị,978857498
KH00148,Đặng Mỹ Trúc,Chị,856585481
KH00947,Lý Minh Thắng,Anh,903029443
KH00185,Ngô Mỹ Hương,Chị,351711396
KH00056,Đinh Thị Long,Anh,948519803
KH00042,Vũ Quốc Linh,Chị,942192080
KH01737,Vũ Tấn Loan,Chị,969836381
KH00964,Bùi Nhật An,Anh,338559105
KH00247,Huỳnh Đức Hải,Anh,821074541
KH00950,Huỳnh Minh Kiên,Anh,345332154
KH00050,Hồ Mỹ Trung,Anh,379290672
KH01404,Bùi Tuấn Chi,Chị,904076738
KH00321,Lý Đức Thảo,Chị,359624973
KH00027,Đinh Ngọc Minh,Anh,791276780
KH00636,Huỳnh Đức Tiên,Chị,885133723
KH01273,Hoàng Bảo Tâm,Chị,845579227
KH00170,Đặng Xuân Dũng,Anh,936730950
KH00031,Trần Đức Trúc,Chị,338124677
KH00937,Tạ Tuấn Mai,Chị,773098317
KH00459,Đinh Tuấn Anh,Chị,816113642
KH01733,Cao Bảo Huy,Anh,760541473
KH00730,Trần Khánh Tâm,Chị,369574979
KH00102,Dương Thị Linh,Chị,393113993
KH00165,Huỳnh Văn Trung,Anh,352689712
KH00157,Lê Nhật Khang,Anh,352381107
KH02249,Vũ Tấn Tài,Anh,333445219
KH02234,Huỳnh Hữu Phương,Chị,935421438
KH01681,Lê Hữu Ngân,Chị,943298681
KH00322,Dương Ngọc Khang,Anh,812076468
KH00269,Bùi Minh Như,Chị,835448373
KH01075,Hồ Hữu Nhi,Chị,771965493
KH00184,Đinh Mỹ Phúc,Anh,812941587
KH01814,Đặng Hữu Long,Anh,367467483
KH01654,Phạm Nhật Tâm,Chị,930884353
KH00278,Đỗ Xuân Long,Anh,364929151
KH00328,Đặng Kim Tâm,Chị,830484888
KH01289,Mai Văn Loan,Chị,968142886
KH00036,Lê Hoài Kiên,Anh,831211814
KH01610,Bùi Ngọc Quân,Anh,353828016
KH01159,Võ Anh Nam,Anh,848262490
KH00342,Ngô Quốc Trang,Chị,346395913
KH00059,Võ Ngọc Phong,Anh,322452389
KH00673,Hồ Đức Như,Chị,963381506
KH00544,Nguyễn Bảo My,Chị,361883008
KH00047,Mai Thanh Khang,Anh,882096727
KH00051,Nguyễn Hữu Tâm,Chị,974738465
KH00097,Đặng Anh My,Chị,985574619
KH00361,Hoàng Mỹ Kiên,Anh,949450987
KH00028,Hồ Ngọc Dũng,Anh,981877109
KH00281,Phạm Quốc Long,Anh,850129002
KH00262,Hoàng Nhật Linh,Chị,775539404
KH01332,Vũ Thị Minh,Anh,884645302
KH00476,Đỗ Tấn Thảo,Chị,817028665
KH00101,Dương Đức Hậu,Chị,392454002
KH01751,Trần Ngọc Tài,Anh,763633187
KH00452,Trần Anh Quỳnh,Chị,978943076
KH00270,Phạm Gia Khang,Anh,350060798
KH00192,Nguyễn Anh Tài,Anh,349560735
KH00087,Đỗ Bảo Bình,Anh,854028944
KH00559,Phạm Kim Long,Anh,833630714
KH00353,Lý Hoài Anh,Chị,390216628
KH01151,Mai Mỹ Chi,Chị,846596069
KH00143,Dương Bảo Trung,Anh,841853594
KH00532,Phạm Thùy Quân,Anh,337124971
KH00789,Nguyễn Xuân Kiên,Anh,933884903
KH00055,Trần Văn Anh,Chị,326323995
KH01519,Phạm Thanh An,Anh,763333116
KH02341,Trần Quốc Ngân,Chị,328149702
KH00502,Cao Bảo Trang,Chị,777792507
KH00506,Lý Thị Chi,Chị,869768701
KH01706,Lê Văn Hậu,Chị,849674667
KH00089,Mai Tuấn Huy,Anh,341421634
KH00103,Phạm Nhật Bình,Anh,850778431
KH00370,Trần Hoài Đạt,Anh,818753001
KH00336,Lý Đức Anh,Chị,975057506
KH01536,Hồ Ngọc Hải,Anh,828065320
KH00426,Võ Tấn Sơn,Anh,917255359
KH01362,Đặng Hoài Hải,Anh,761664855
KH00129,Lê Minh Huy,Anh,841818839
KH00077,Đặng Khánh Yến,Chị,978379253
KH00084,Nguyễn Anh Khang,Anh,396815990
KH00333,Tạ Văn Vy,Chị,966716686
KH00738,Phan Anh Vinh,Anh,386239571
KH00905,Đinh Đức Hải,Anh,706787749
KH02549,Hoàng Thị Phong,Anh,948387601
KH00493,Đinh Hoài Dũng,Anh,362289798
KH00091,Hoàng Văn Đạt,Anh,331095086
KH00150,Dương Đức Ngân,Chị,359536169
KH00681,Lê Hoài Hậu,Chị,372961870
KH00655,Trần Gia Đạt,Anh,835545181
KH00305,Lê Khánh Phúc,Anh,978724039
KH01914,Dương Văn Phúc,Anh,339806644
KH00044,Lý Thùy Nhi,Chị,825723981
KH00062,Lê Nhật Quỳnh,Chị,770518089
KH00586,Cao Văn Chi,Chị,333700795
KH00060,Huỳnh Bảo Huy,Anh,783224943
KH02008,Phạm Nhật Ngân,Chị,791648334
KH00745,Mai Thanh Bình,Anh,974346211
KH00240,Bùi Văn Thảo,Chị,942580744
KH00161,Mai Tuấn Tài,Anh,705099070
KH00329,Mai Nhật Như,Chị,331924434
KH00105,Cao Khánh Dũng,Anh,332807501
KH00092,Ngô Khánh Kiên,Anh,834695259
KH00266,Đặng Kim Trung,Anh,880956030
KH01101,Hoàng Gia Long,Anh,784550353
KH01334,Trần Hoài Hậu,Chị,352798888
KH00392,Cao Minh Quỳnh,Chị,375423177
KH00771,Nguyễn Bảo Quân,Anh,362691782
KH00068,Phan Đức Nam,Anh,841138346
KH00275,Phan Minh Dũng,Anh,830613050
KH00235,Lê Thùy Trung,Anh,767548397
KH00193,Trần Mỹ Thắng,Anh,916870337
KH00241,Phan Thùy Tâm,Chị,932052004
KH01126,Dương Văn Tâm,Chị,942411959
KH00188,Lê Anh Trúc,Chị,885930424
KH00882,Lý Kim Tú,Anh,767926849
KH01810,Dương Nhật Phương,Chị,823474596
KH00208,Đặng Ngọc Thắng,Anh,388860247
KH01585,Lý Tấn Hậu,Chị,376413239
KH00211,Phạm Nhật Nhi,Chị,842040044
KH00640,Vũ Thanh Tú,Anh,845096966
KH00258,Lý Thị Hậu,Chị,770025542
KH00433,Nguyễn Ngọc Hậu,Chị,916572002
KH00256,Huỳnh Đức Trang,Chị,384108363
KH01675,Phan Mỹ Hải,Anh,330436350
KH00263,Lê Thị Mai,Chị,772546006
KH02060,Ngô Thanh Thảo,Chị,396900169
KH00066,Cao Ngọc Nam,Anh,903892222
KH00242,Phan Hoài An,Anh,798924515
KH00133,Huỳnh Nhật Tâm,Chị,962727663
KH00316,Lý Tấn Thảo,Chị,791964748
KH02269,Võ Quốc Như,Chị,398624926
KH00107,Trần Ngọc Dũng,Anh,798402157
KH01876,Lê Tấn Tài,Anh,977788574
KH00492,Nguyễn Thùy Khang,Anh,392104686
KH00641,Hồ Đức Huy,Anh,967817650
KH01798,Lý Xuân Trang,Chị,766525620
KH00115,Bùi Ngọc Huy,Anh,398998943
KH00197,Huỳnh Tuấn Loan,Chị,841756800
KH00128,Đỗ Nhật Trang,Chị,970075460
KH01298,Lý Anh Như,Chị,905311522
KH00099,Lý Mỹ Thắng,Anh,837415516
KH00212,Huỳnh Gia An,Anh,944336960
KH00421,Nguyễn Mỹ Ngân,Chị,860775949
KH00398,Bùi Xuân An,Anh,914703364
KH00248,Lý Anh Thảo,Chị,775261926
KH00300,Đặng Văn Long,Anh,988046895
KH00505,Phạm Thị Bình,Anh,399248694
KH00182,Lê Bảo My,Chị,340677407
KH02016,Đặng Văn Kiên,Anh,367778400
KH01891,Tạ Thanh Vy,Chị,884595785
KH00137,Phan Hữu Phương,Chị,917946032
KH00257,Cao Hoài Quân,Anh,903293882
KH00160,Huỳnh Kim Tú,Anh,848298373
KH00774,Cao Ngọc Tâm,Chị,344903217
KH00108,Đặng Hoài Ngân,Chị,901838355
KH00933,Hồ Quốc Hải,Anh,768763167
KH01341,Đặng Tuấn Dũng,Anh,340516726
KH00828,Bùi Bảo Long,Anh,394204418
KH02594,Đặng Mỹ Phương,Chị,347996419
KH00147,Cao Thùy Tài,Anh,353482560
KH00403,Vũ Khánh Phương,Chị,835579228
KH00748,Đặng Kim Chi,Chị,904333961
KH00358,Phạm Xuân Kiên,Anh,766053248
KH00630,Lê Thị Trang,Chị,901622230
KH00100,Hồ Thanh Yến,Chị,391890653
KH00074,Bùi Hữu Anh,Chị,838750858
KH00484,Cao Gia Vy,Chị,791859555
KH00841,Nguyễn Bảo Tài,Anh,982925474
KH00207,Ngô Gia Bình,Anh,326398732
KH00477,Hoàng Bảo Loan,Chị,338593139
KH00894,Ngô Tuấn Vinh,Anh,908790206
KH00251,Lý Hoài Khang,Anh,915978749
KH00086,Đặng Kim My,Chị,762738957
KH00096,Đinh Thùy Long,Anh,974017921
KH00744,Trần Đức Vy,Chị,372879132
KH00867,Đỗ Anh An,Anh,857538811
KH00138,Hoàng Anh Loan,Chị,830999890
KH00412,Hồ Ngọc Tú,Anh,881408431
KH00111,Trần Thị Minh,Anh,972503173
KH01917,Mai Thùy Vinh,Anh,900804714
KH02542,Nguyễn Kim Linh,Chị,942425689
KH00319,Hồ Quốc Phúc,Anh,338701304
KH01690,Hồ Kim Vy,Chị,702727213
KH00682,Bùi Thùy Vinh,Anh,766227642
KH00762,Hoàng Thanh Nhi,Chị,830617077
KH00085,Mai Văn Khang,Anh,935354582
KH00158,Mai Xuân Phúc,Anh,848293285
KH01887,Đặng Minh Kiên,Anh,799865709
KH01301,Đỗ Tuấn Phong,Anh,342955531
KH02541,Bùi Nhật Phong,Anh,909745602
KH00778,Phạm Thị Tú,Anh,944143862
KH00326,Lý Xuân Hải,Anh,700360144
KH00590,Mai Văn Phong,Anh,842124116
KH00169,Lê Minh Quân,Anh,832207056
KH01265,Vũ Xuân Yến,Chị,795137316
KH00291,Đặng Quốc My,Chị,764554346
KH00136,Đặng Thanh Linh,Chị,964562885
KH00176,Lê Ngọc Linh,Chị,703666498
KH01242,Đỗ Bảo Mai,Chị,833573375
KH01106,Võ Quốc Khang,Anh,339441776
KH01385,Mai Nhật Trúc,Chị,974135991
KH00856,Lê Ngọc Chi,Chị,363237092
KH00511,Phan Thị Anh,Chị,396728431
KH01310,Trần Quốc Phúc,Anh,328599776
KH00132,Bùi Kim Phong,Anh,375087299
KH01330,Tạ Tấn Huy,Anh,965014730
KH00080,Hoàng Ngọc Quân,Anh,911835144
KH01366,Tạ Tuấn Hương,Chị,853808617
KH01725,Phan Gia Tài,Anh,841639143
KH00259,Đinh Văn Trúc,Chị,376086064
KH00558,Mai Tuấn Phương,Chị,812122843
KH01443,Phan Thùy Sơn,Anh,985276166
KH01203,Đặng Tấn Yến,Chị,905165023
KH00078,Bùi Kim Tú,Anh,972502206
KH00608,Đinh Bảo My,Chị,772345677
KH00957,Đinh Thanh Phương,Chị,851781112
KH01235,Huỳnh Tấn Trung,Anh,833401481
KH00607,Trần Xuân Chi,Chị,361099064
KH00095,Phan Bảo An,Anh,325167174
KH00387,Lê Tuấn Tú,Anh,862528404
KH00755,Bùi Văn Long,Anh,709735850
KH00203,Mai Hữu Phúc,Anh,357119778
KH00811,Đặng Văn Hậu,Chị,969266348
KH00098,Đinh Hữu Sơn,Anh,359058456
KH01225,Phạm Tấn Đạt,Anh,887351398
KH00478,Lý Tấn Sơn,Anh,353930564
KH00289,Trần Xuân Trang,Chị,962158998
KH00603,Vũ Đức Dũng,Anh,823640612
KH00731,Lý Anh Vy,Chị,770078079
KH00751,Ngô Tuấn Sơn,Anh,939501976
KH00231,Hồ Nhật Loan,Chị,394889973
KH00112,Ngô Tấn Quân,Anh,794944867
KH01017,Ngô Anh Dũng,Anh,790034224
KH01260,Đinh Quốc My,Chị,339940085
KH00885,Dương Ngọc Thắng,Anh,885499353
KH02319,Vũ Khánh Hải,Anh,828247968
KH02454,Lê Tấn Dũng,Anh,854115771
KH01271,Cao Nhật Trung,Anh,977095657
KH00303,Lý Hữu Thảo,Chị,854343493
KH02009,Hoàng Kim Hải,Anh,983048896
KH00629,Đặng Kim Mai,Chị,339239886
KH00081,Ngô Văn My,Chị,368311052
KH00638,Mai Mỹ Vinh,Anh,902981294
KH00233,Phan Kim Tài,Anh,945789463
KH00166,Đỗ Khánh Trúc,Chị,853494272
KH02052,Lê Hữu Bình,Anh,867216511
KH00194,Ngô Kim Minh,Anh,373291569
KH01122,Phan Văn Ngân,Chị,708961253
KH00172,Trần Anh Huy,Anh,931225669
KH00379,Đinh Gia Mai,Chị,905609719
KH00228,Huỳnh Minh An,Anh,391694335
KH02373,Dương Thị Thảo,Chị,822401745
KH00155,Lý Gia Vy,Chị,858359400
KH01374,Bùi Thị Vinh,Anh,386702780
KH00117,Lê Thị Tài,Anh,763966414
KH00700,Hoàng Mỹ Phương,Chị,984924977
KH00114,Phạm Thùy Mai,Chị,975722808
KH00119,Tạ Ngọc Đạt,Anh,988566258
KH00377,Huỳnh Khánh Kiên,Anh,906798347
KH00898,Mai Nhật Tú,Anh,339842710
KH00489,Đinh Nhật Tâm,Chị,396509460
KH00449,Đỗ Gia Tú,Anh,933185248
KH01376,Phan Kim Loan,Chị,973126039
KH00052,Dương Anh Phúc,Anh,398913297
KH02328,Đinh Hữu Linh,Chị,397197610
KH00806,Phan Xuân Sơn,Anh,973196067
KH00862,Đỗ Thị Linh,Chị,811471851
KH00126,Ngô Đức Hương,Chị,778204316
KH01569,Mai Thị Ngân,Chị,794023049
KH00553,Nguyễn Tuấn Phong,Anh,359956882
KH00419,Hồ Mỹ Vinh,Anh,941501600
KH00314,Lý Hoài Huy,Anh,909241385
KH00699,Lý Anh Ngân,Chị,702401147
KH01660,Nguyễn Thị Hải,Anh,904330971
KH00463,Hồ Xuân Phương,Chị,709526468
KH00495,Ngô Thùy Quỳnh,Chị,913674235
KH00561,Lê Nhật Trúc,Chị,764439410
KH00895,Lê Anh Tài,Anh,786104739
KH00249,Bùi Kim Tâm,Chị,839498838
KH00372,Võ Tấn Thảo,Chị,853272075
KH00422,Lê Ngọc Tú,Anh,859399016
KH00189,Cao Văn Dũng,Anh,817616704
KH00407,Phạm Đức An,Anh,948941264
KH00341,Phạm Khánh Long,Anh,912490103
KH02197,Tạ Tấn My,Chị,823784673
KH00775,Trần Văn Vy,Chị,705439525
KH00310,Tạ Đức Phương,Chị,798417806
KH00339,Vũ Xuân Loan,Chị,786901021
KH00313,Võ Ngọc Thắng,Anh,948625087
KH00829,Dương Tuấn Phong,Anh,834136462
KH00227,Đặng Văn Hậu,Chị,916709465
KH00783,Vũ Ngọc Ngân,Chị,986334363
KH00712,Hồ Hữu Dũng,Anh,777342051
KH00351,Huỳnh Văn Tiên,Chị,867222194
KH01339,Đặng Hữu Đạt,Anh,837002743
KH00365,Trần Thanh Nhi,Chị,378134113
KH00572,Trần Quốc Quân,Anh,976436672
KH00689,Đỗ Nhật Vy,Chị,378375943
KH00429,Lê Gia Nam,Anh,930893119
KH02291,Vũ Anh Hậu,Chị,830037488
KH00376,Đỗ Văn Trang,Chị,359196233
KH01827,Huỳnh Thanh Khang,Anh,390804777
KH00282,Hoàng Xuân Tiên,Chị,361671990
KH00788,Vũ Tấn Trung,Anh,793465460
KH00088,Đặng Kim Nam,Anh,979050865
KH00436,Phan Ngọc Linh,Chị,328144673
KH00585,Nguyễn Xuân Tài,Anh,932348864
KH00575,Trần Mỹ Anh,Chị,901528950
KH01757,Đỗ Ngọc Như,Chị,960341995
KH00079,Đinh Thanh Kiên,Anh,338117691
KH00522,Dương Kim Long,Anh,705559236
KH00280,Ngô Minh Quân,Anh,868997390
KH00468,Võ Minh Phong,Anh,784696625
KH02049,Đặng Hoài Tài,Anh,973163251
KH01153,Đỗ Bảo Trúc,Chị,969876268
KH01246,Nguyễn Kim Tú,Anh,963919721
KH00144,Đỗ Gia My,Chị,943730807
KH01576,Lê Văn Khang,Anh,960928418
KH01470,Hoàng Đức My,Chị,972874815
KH00229,Ngô Tuấn My,Chị,939778610
KH00082,Bùi Hoài Long,Anh,772757765
KH01694,Cao Ngọc Phong,Anh,841839564
KH00554,Cao Thanh Đạt,Anh,377299143
KH02013,Trần Thị Ngân,Chị,326291703
KH00666,Huỳnh Bảo An,Anh,815082736
KH00588,Lý Khánh Anh,Chị,859022724
KH00598,Nguyễn Văn Trung,Anh,372965806
KH00173,Phạm Anh Ngân,Chị,368795236
KH00413,Võ Văn Trúc,Chị,790841634
KH00243,Vũ Anh Chi,Chị,834156317
KH02593,Nguyễn Quốc Long,Anh,351739198
KH02552,Võ Minh Khang,Anh,342092986
KH00277,Lý Thanh Phong,Anh,334488013
KH00678,Trần Văn Anh,Chị,976009674
KH00944,Hoàng Hữu Quân,Anh,852363433
KH01124,Tạ Khánh Dũng,Anh,382483744
KH00168,Dương Nhật Hương,Chị,388119498
KH00764,Nguyễn Bảo Huy,Anh,912467338
KH00237,Hoàng Đức Vy,Chị,323763068
KH00153,Đỗ Mỹ Ngân,Chị,969530551
KH01142,Lê Đức Chi,Chị,869071046
KH01198,Bùi Gia Yến,Chị,932859222
KH02361,Dương Nhật Yến,Chị,983674957
KH01969,Lê Hoài Sơn,Anh,329122156
KH00418,Lý Gia Như,Chị,394995139
KH00417,Võ Tuấn Nhi,Chị,981466929
KH00390,Huỳnh Kim Tài,Anh,961875144
KH01005,Tạ Văn Tâm,Chị,358432963
KH00312,Hoàng Ngọc Yến,Chị,980080666
KH00124,Ngô Xuân Phong,Anh,907578759
KH02598,Bùi Thùy Tiên,Chị,323535317
KH01090,Huỳnh Xuân Tâm,Chị,389211896
KH00395,Vũ Văn Dũng,Anh,845322970
KH01990,Đỗ Mỹ Như,Chị,374026622
KH00187,Nguyễn Nhật Đạt,Anh,326237125
KH01216,Trần Hoài Hải,Anh,917326987
KH00849,Cao Đức Phong,Anh,848707483
KH00221,Đỗ Thanh Anh,Chị,836494696
KH01653,Đinh Hữu Hương,Chị,775724760
KH00135,Lê Thanh Linh,Chị,834744552
KH01104,Phan Anh Hậu,Chị,773737678
KH01747,Lý Tuấn Tiên,Chị,844672339
KH00504,Đặng Kim Như,Chị,869453643
KH00750,Ngô Mỹ Thảo,Chị,912704720
KH01723,Lê Gia Huy,Anh,833284357
KH00253,Phan Kim Vy,Chị,380984386
KH00213,Phạm Gia Chi,Chị,937885798
KH00825,Lê Hữu Khang,Anh,350221133
KH00431,Dương Hoài Đạt,Anh,344013375
KH00360,Trần Quốc Phúc,Anh,889211055
KH01960,Võ Kim Trúc,Chị,945230991
KH00127,Nguyễn Tuấn Kiên,Anh,701965282
KH01499,Lê Anh Tài,Anh,771912407
KH00264,Tạ Thanh An,Anh,760125938
KH00551,Phạm Văn Như,Chị,792880895
KH00216,Đỗ Thùy Tiên,Chị,830478110
KH00517,Ngô Minh Phong,Anh,397443762
KH02123,Dương Khánh Huy,Anh,853284381
KH00245,Tạ Thùy Trúc,Chị,900809295
KH02051,Bùi Đức Anh,Chị,838831230
KH00386,Đặng Quốc Nam,Anh,984447473
KH01076,Hồ Thị Tâm,Chị,863607515
KH00301,Vũ Quốc Phong,Anh,764061012
KH00218,Cao Thanh Phúc,Anh,341496737
KH00083,Lê Xuân Yến,Chị,361914214
KH00284,Lê Văn Minh,Anh,948136130
KH00740,Huỳnh Tấn Khang,Anh,764079935
KH00067,Phạm Tuấn Hải,Anh,852294166
KH01522,Dương Văn Dũng,Anh,339798311
KH01047,Trần Minh My,Chị,763222753
KH00580,Đinh Nhật Tài,Anh,975660780
KH01004,Phan Hoài An,Anh,847074762
KH01381,Phan Ngọc Quân,Anh,788238058
KH01906,Đặng Anh Vinh,Anh,702073844
KH00622,Cao Đức Thảo,Chị,849200503
KH00805,Hoàng Đức My,Chị,905526961
KH00539,Hoàng Nhật Dũng,Anh,795614107
KH00467,Phạm Thùy Tâm,Chị,845867150
KH01014,Bùi Khánh Mai,Chị,798807081
KH02406,Nguyễn Hữu Sơn,Anh,833939872
KH01830,Bùi Hữu Dũng,Anh,886726065
KH01428,Đinh Mỹ Kiên,Anh,790414566
KH01677,Phan Đức Nam,Anh,366336846
KH01288,Lê Hoài Hậu,Chị,981917331
KH02365,Hoàng Tuấn Ngân,Chị,846612621
KH00151,Đỗ Quốc Minh,Anh,886808669
KH01049,Cao Nhật Trang,Chị,981727257
KH00969,Trần Đức Hải,Anh,973460125
KH01343,Huỳnh Anh Phúc,Anh,333528515
KH00159,Đỗ Anh Phương,Chị,860390254
KH00939,Lê Minh Tú,Anh,764443756
KH01417,Hồ Minh Tú,Anh,388710926
KH01164,Lý Thanh Tài,Anh,376412704
KH00246,Dương Kim Yến,Chị,867056904
KH00215,Đinh Gia Nhi,Chị,857092268
KH00323,Cao Tấn Trung,Anh,347473343
KH02513,Dương Đức Bình,Anh,932120074
KH00457,Võ Hữu Thảo,Chị,322995204
KH00790,Trần Gia Ngân,Chị,389471566
KH02387,Phan Xuân Trung,Anh,865025235
KH00354,Lý Thùy Ngân,Chị,701216338
KH00186,Ngô Kim Trúc,Chị,783501130
KH00122,Ngô Văn Tài,Anh,383272393
KH00383,Võ Khánh Hương,Chị,982079597
KH01274,Võ Xuân Ngân,Chị,705526622
KH00869,Đặng Quốc My,Chị,827572330
KH01844,Dương Minh Hương,Chị,967639682
KH02228,Phạm Xuân Tiên,Chị,329778501
KH02534,Phạm Thanh Yến,Chị,938559229
KH01854,Hoàng Thùy Nhi,Chị,706113295
KH00954,Lý Quốc An,Anh,836457394
KH00244,Võ Bảo Khang,Anh,856077780
KH00441,Hoàng Thị Thắng,Anh,702035761
KH00340,Bùi Hữu Kiên,Anh,972132857
KH00393,Hồ Ngọc Linh,Chị,373626681
KH00391,Bùi Kim Dũng,Anh,919269680
KH01042,Võ Ngọc Linh,Chị,767443222
KH00299,Đinh Minh Tài,Anh,858077856
KH01693,Huỳnh Mỹ Trúc,Chị,913991702
KH00691,Huỳnh Xuân Yến,Chị,373794596
KH00858,Đỗ Ngọc Nam,Anh,374721389
KH00597,Lê Hoài Ngân,Chị,784400544
KH00833,Đặng Hoài Khang,Anh,907483696
KH00223,Hồ Kim An,Anh,852124291
KH01314,Lý Thanh Loan,Chị,962945073
KH00780,Bùi Thị Tâm,Chị,813977238
KH00918,Phan Gia Quân,Anh,813581000
KH00465,Lý Đức Bình,Anh,961922731
KH00694,Hồ Tấn Tiên,Chị,357984957
KH01105,Ngô Minh Linh,Chị,834775670
KH00871,Võ Thanh Bình,Anh,864126925
KH00644,Mai Mỹ Trung,Anh,797611513
KH00729,Vũ Bảo Như,Chị,373953383
KH00535,Phạm Đức Nhi,Chị,785907788
KH00306,Dương Ngọc Mai,Chị,910089520
KH00152,Lý Văn An,Anh,384569621
KH00797,Trần Bảo Quỳnh,Chị,796041135
KH00827,Hoàng Quốc Vy,Chị,359037877
KH02136,Phạm Đức Khang,Anh,886511985
KH00416,Hồ Đức Thắng,Anh,969150494
KH01927,Phạm Hữu An,Anh,883748981
KH02330,Trần Bảo Tiên,Chị,766790970
KH00355,Trần Hoài Anh,Chị,385758793
KH01093,Dương Anh Phong,Anh,357558358
KH00570,Đặng Xuân Linh,Chị,352643660
KH00178,Ngô Bảo Thảo,Chị,346665628
KH01973,Đinh Hoài Kiên,Anh,814161659
KH00707,Huỳnh Hoài Khang,Anh,764116698
KH00093,Nguyễn Minh Kiên,Anh,979121762
KH00298,Hồ Thùy Phúc,Anh,973288536
KH00384,Hoàng Hoài Phương,Chị,827967858
KH00698,Phan Hữu Thắng,Anh,939861202
KH01873,Hoàng Hoài Phương,Chị,774476433
KH01633,Phạm Anh Quỳnh,Chị,949300390
KH00892,Cao Khánh Tiên,Chị,859872558
KH00860,Phạm Xuân Mai,Chị,328870543
KH00174,Trần Hữu Hải,Anh,947684243
KH00777,Phan Ngọc Hải,Anh,915175130
KH00226,Lê Kim Phúc,Anh,829663766
KH00217,Hoàng Đức Huy,Anh,838679706
KH00550,Phạm Anh Như,Chị,382611786
KH00177,Lý Anh Tài,Anh,933550628
KH01596,Tạ Khánh Quân,Anh,863421706
KH01620,Mai Bảo Tú,Anh,370375093
KH00120,Hoàng Thùy Sơn,Anh,914205270
KH00998,Lý Xuân Nhi,Chị,881103592
KH01215,Hồ Văn Đạt,Anh,346941155
KH00474,Mai Xuân Minh,Anh,347590420
KH00435,Võ Thùy Tú,Anh,366183623
KH00914,Trần Thị Trúc,Chị,355574097
KH01440,Trần Thị Chi,Chị,857198278
KH01503,Cao Thùy Nam,Anh,769646012
KH01546,Đỗ Văn Vinh,Anh,817854875
KH01214,Phạm Anh Linh,Chị,328947505
KH00191,Bùi Xuân Vy,Chị,865653599
KH00255,Trần Văn Phúc,Anh,933127912
KH00202,Võ Quốc Tâm,Chị,785205683
KH00516,Lê Văn Quỳnh,Chị,904367901
KH00637,Cao Hữu Vy,Chị,881992338
KH02332,Đặng Anh Kiên,Anh,860590870
KH02265,Hồ Kim Sơn,Anh,322982885
KH00375,Tạ Quốc My,Chị,377557953
KH00139,Dương Thanh Chi,Chị,907614580
KH00204,Ngô Ngọc Trang,Chị,886696095
KH02194,Võ Hữu Tú,Anh,707063355
KH00961,Hồ Bảo Thảo,Chị,374006440
KH01509,Đinh Hoài Nam,Anh,941991239
KH02246,Bùi Anh Long,Anh,936954861
KH00650,Đinh Gia Phong,Anh,855858492
KH00325,Lê Nhật Tâm,Chị,843895015
KH00566,Dương Anh Thắng,Anh,818767711
KH00902,Phạm Ngọc Phong,Anh,357691551
KH01780,Phạm Thị Huy,Anh,901962305
KH00472,Tạ Đức Tú,Anh,353775029
KH00708,Trần Thị Vy,Chị,847335052
KH00728,Vũ Khánh Trang,Chị,982359064
KH00440,Đỗ Minh Tú,Anh,353579079
KH00230,Dương Văn Huy,Anh,866955303
KH02395,Đinh Gia Tài,Anh,867083482
KH02184,Đặng Gia Mai,Chị,323266464
KH00726,Huỳnh Gia Kiên,Anh,820539750
KH01510,Phạm Kim Hương,Chị,988883533
KH01437,Mai Minh Đạt,Anh,979571724
KH00930,Tạ Quốc Vinh,Anh,377218650
KH01336,Phạm Hữu Trang,Chị,782290971
KH00735,Lý Tấn An,Anh,399526069
KH01326,Mai Hoài Trung,Anh,961369274
KH01000,Vũ Quốc Vinh,Anh,936397282
KH00346,Lý Quốc Chi,Chị,860764006
KH00500,Nguyễn Tuấn Trung,Anh,326029148
KH00145,Hồ Văn Huy,Anh,358957434
KH01293,Cao Quốc Thảo,Chị,838664965
KH00990,Cao Nhật Trang,Chị,931056403
KH00786,Nguyễn Ngọc Nam,Anh,320345880
KH01838,Mai Gia Hương,Chị,764507297
KH00714,Huỳnh Hữu Sơn,Anh,331229745
KH00834,Lý Quốc My,Chị,910017350
KH01143,Vũ Văn Tú,Anh,822231194
KH00175,Phạm Thị Kiên,Anh,834540173
KH01863,Đinh Hoài Kiên,Anh,335509069
KH01098,Hồ Xuân Nhi,Chị,770263367
KH01629,Đinh Văn Loan,Chị,857234764
KH00348,Ngô Thùy Loan,Chị,827694190
KH00837,Vũ Khánh Chi,Chị,373129103
KH00855,Lý Anh Thảo,Chị,910195689
KH02221,Tạ Thanh Hải,Anh,708832895
KH00690,Ngô Thanh Phúc,Anh,777987243
KH00503,Phạm Bảo Tâm,Chị,847587583
KH00156,Tạ Gia Phong,Anh,344221536
KH01972,Trần Gia Minh,Anh,378558162
KH01671,Cao Xuân Phương,Chị,380064739
KH00399,Phan Nhật Vinh,Anh,938416196
KH01308,Huỳnh Gia Trúc,Chị,387893130
KH01962,Dương Tấn Quỳnh,Chị,777399642
KH00614,Đinh Quốc Tú,Anh,903717375
KH00924,Đặng Minh Vinh,Anh,372191391
KH01911,Hồ Đức Chi,Chị,702921334
KH00803,Nguyễn Bảo Tài,Anh,856276270
KH01622,Vũ Thùy Quỳnh,Chị,972339075
KH00486,Nguyễn Xuân An,Anh,849801920
KH00283,Hồ Hoài Nhi,Chị,847798289
KH00420,Võ Đức Hương,Chị,980935204
KH00668,Nguyễn Quốc Trúc,Chị,774896839
KH01008,Đinh Đức Thảo,Chị,706794526
KH00427,Võ Tấn Kiên,Anh,933314563
KH00201,Lê Mỹ Trung,Anh,345417306
KH01070,Phạm Đức Vinh,Anh,989372569
KH01564,Phan Hoài Long,Anh,915103330
KH00647,Vũ Nhật Hương,Chị,947631670
KH00907,Trần Nhật Đạt,Anh,886324195
KH01638,Dương Văn Tiên,Chị,765458305
KH00273,Nguyễn Gia Tài,Anh,866266430
KH00875,Hồ Kim Long,Anh,968321931
KH00760,Hồ Hữu Tâm,Chị,882805922
KH01970,Vũ Thị Thảo,Chị,965288534
KH01535,Mai Minh Khang,Anh,793067522
KH01055,Đặng Hoài Minh,Anh,933565739
KH00521,Cao Nhật Minh,Anh,904963796
KH01875,Đinh Bảo Long,Anh,385891907
KH01685,Phan Thùy Hải,Anh,799178586
KH01414,Phạm Gia Hương,Chị,383848410
KH01578,Phan Xuân An,Anh,981960522
KH00279,Lý Thị Bình,Anh,830261510
KH00703,Phạm Xuân Vinh,Anh,863903336
KH02487,Cao Khánh Trúc,Chị,331555670
KH01630,Phan Thùy Huy,Anh,858573323
KH00378,Lê Gia Dũng,Anh,943194938
KH00198,Phạm Đức Dũng,Anh,972169183
KH00254,Đặng Bảo Vy,Chị,397422682
KH01248,Lê Khánh Yến,Chị,336386184
KH01185,Lê Khánh Vy,Chị,880528253
KH00404,Đinh Quốc Mai,Chị,986459400
KH00662,Huỳnh Hữu Phúc,Anh,381348201
KH00296,Võ Minh Hương,Chị,814770004
KH01979,Dương Thùy Hương,Chị,849296616
KH01460,Dương Minh Như,Chị,325782390
KH00494,Đỗ Minh Huy,Anh,857600400
KH00677,Phạm Quốc Linh,Chị,942628149
KH00959,Dương Khánh Quỳnh,Chị,395349810
KH01639,Đặng Tuấn Phong,Anh,858148023
KH00931,Nguyễn Minh Linh,Chị,888722082
KH02254,Lê Minh Bình,Anh,918054060
KH00525,Lê Hoài Minh,Anh,795647146
KH01738,Hoàng Anh Nam,Anh,388973301
KH00199,Hồ Văn Nhi,Chị,883707715
KH00357,Võ Xuân Ngân,Chị,910482930
KH00576,Tạ Tuấn Nam,Anh,851654579
KH00121,Hồ Văn Kiên,Anh,964590523
KH00450,Đỗ Ngọc Tâm,Chị,911538750
KH00219,Hồ Văn Trang,Chị,880522904
KH00364,Trần Kim Tâm,Chị,831054141
KH00617,Trần Kim Hương,Chị,846867785
KH00260,Huỳnh Khánh Bình,Anh,847974887
KH00565,Hoàng Đức Minh,Anh,969465123
KH02124,Đinh Anh Phương,Chị,386457854
KH02167,Vũ Thùy Long,Anh,813752053
KH00542,Hồ Mỹ Tú,Anh,842979620
KH00183,Hoàng Ngọc Tiên,Chị,322502971
KH01496,Mai Đức Mai,Chị,987735647
KH01458,Hồ Anh Trúc,Chị,884976101
KH01506,Bùi Tấn My,Chị,796914145
KH00842,Hồ Thanh Phương,Chị,833172375
KH01297,Cao Khánh Nam,Anh,913479543
KH01078,Trần Xuân Thắng,Anh,843823276
KH00315,Mai Xuân Trung,Anh,963617091
KH00352,Dương Mỹ Tiên,Chị,706415464
KH01650,Vũ Tuấn Tú,Anh,911406622
KH02352,Nguyễn Xuân Hậu,Chị,887983126
KH02403,Huỳnh Đức Phong,Anh,941321561
KH00884,Cao Hữu Trúc,Chị,816562412
KH02506,Dương Tấn Yến,Chị,829529112
KH01108,Đinh Tuấn Trung,Anh,394379456
KH02447,Hồ Ngọc Quân,Anh,830055116
KH01296,Vũ Ngọc Kiên,Anh,984948115
KH01282,Đặng Đức Yến,Chị,355436622
KH00936,Hồ Đức Ngân,Chị,778484402
KH00569,Đỗ Hoài Linh,Chị,341498113
KH01082,Bùi Hoài Hậu,Chị,916244194
KH00785,Nguyễn Thị Ngân,Chị,389384256
KH00642,Dương Đức Tài,Anh,970107058
KH00526,Dương Mỹ Quỳnh,Chị,704145378
KH00791,Hồ Quốc My,Chị,916191724
KH00232,Đặng Mỹ Tâm,Chị,862506657
KH00854,Ngô Hoài Thắng,Anh,788707722
KH01035,Vũ Kim Chi,Chị,850022472
KH01993,Phan Xuân Chi,Chị,377331380
KH01686,Phạm Gia Khang,Anh,779689097
KH00527,Võ Minh An,Anh,984647341
KH02366,Hồ Anh Phúc,Anh,343694745
KH01561,Hoàng Đức Nhi,Chị,779376812
KH00332,Tạ Tuấn Chi,Chị,346564388
KH00991,Lê Đức Trang,Chị,964872291
KH01832,Võ Ngọc Trang,Chị,772831512
KH01052,Phan Khánh Bình,Anh,393539879
KH00335,Đỗ Minh Anh,Chị,793680093
KH01481,Hoàng Hữu Sơn,Anh,703238752
KH01166,Phan Tuấn Hậu,Chị,369592508
KH00979,Hoàng Tuấn Tiên,Chị,823400997
KH01852,Lý Nhật Như,Chị,337867578
KH00439,Vũ Gia Anh,Chị,819737020
KH01134,Huỳnh Tấn Tú,Anh,981151471
KH00564,Đỗ Xuân Ngân,Chị,886597281
KH01740,Huỳnh Anh Phúc,Anh,360067522
KH01935,Lê Kim Quỳnh,Chị,388055211
KH01442,Đặng Khánh Phương,Chị,827701805
KH00832,Hoàng Hữu Khang,Anh,380385247
KH00366,Lý Hoài Đạt,Anh,799898498
KH01661,Ngô Hoài Quân,Anh,700959409
KH02141,Ngô Khánh Vinh,Anh,338637298
KH00373,Huỳnh Mỹ Dũng,Anh,389573855
KH00343,Đinh Khánh Yến,Chị,825869835
KH01590,Bùi Tuấn Yến,Chị,704331570
KH00454,Phạm Tuấn Sơn,Anh,851707688
KH00290,Phạm Kim Phong,Anh,944212324
KH01226,Huỳnh Hữu Tú,Anh,938979445
KH02431,Mai Nhật Trung,Anh,900401514
KH00692,Hoàng Thanh Hương,Chị,391633867
KH00763,Dương Khánh Thảo,Chị,390357374
KH01553,Võ Thị Hải,Anh,382350341
KH00591,Phạm Kim Vy,Chị,373687420
KH00451,Dương Hữu An,Anh,845528628
KH00540,Lê Thị Anh,Chị,811883726
KH01117,Vũ Đức An,Anh,858911902
KH02244,Cao Hoài Trung,Anh,380584219
KH00667,Cao Quốc Đạt,Anh,782881985
KH01916,Cao Đức Đạt,Anh,326858920
KH00205,Huỳnh Thanh Long,Anh,793224751
KH00886,Đỗ Minh Phúc,Anh,861645445
KH01010,Ngô Hữu Vy,Chị,701371327
KH00288,Phan Thị Ngân,Chị,914243475
KH00802,Lý Thị Tài,Anh,825742616
KH01123,Phạm Nhật Trang,Chị,829058924
KH00552,Tạ Mỹ Quân,Anh,333068193
KH00238,Đinh Thanh Hậu,Chị,765876879
KH00267,Vũ Hữu Phúc,Anh,384866491
KH00589,Bùi Hoài Anh,Chị,703578677
KH01486,Võ Đức Loan,Chị,766915037
KH01285,Nguyễn Thị Khang,Anh,761982827
KH02089,Tạ Văn Dũng,Anh,349596431
KH00766,Huỳnh Ngọc Kiên,Anh,813840419
KH00297,Võ Hữu Phong,Anh,389837147
KH00349,Phạm Thùy Thắng,Anh,384938622
KH02237,Huỳnh Ngọc Anh,Chị,700901138
KH00381,Bùi Anh Trang,Chị,346471570
KH01323,Đỗ Tuấn Phương,Chị,987804412
KH01194,Phạm Anh Tú,Anh,945740469
KH01600,Trần Tấn Long,Anh,369907287
KH00706,Huỳnh Đức Phong,Anh,376772788
KH01562,Bùi Minh Yến,Chị,917918508
KH00713,Vũ Đức Nhi,Chị,328134861
KH00239,Lý Minh Trung,Anh,841984231
KH00411,Huỳnh Nhật Tài,Anh,396386101
KH00286,Đinh Anh Quân,Anh,963749867
KH01965,Tạ Anh Nhi,Chị,945742620
KH00501,Vũ Khánh Tiên,Chị,707572391
KH00485,Huỳnh Văn Thắng,Anh,886428553
KH00406,Huỳnh Thị Tài,Anh,980229612
KH00883,Phan Minh Hậu,Chị,390995357
KH00736,Lê Xuân Yến,Chị,336383871
KH00210,Võ Hoài Linh,Chị,918227474
KH01188,Đinh Tấn Tâm,Chị,886753578
KH00996,Tạ Tấn An,Anh,786897642
KH00660,Bùi Nhật Hương,Chị,361533145
KH01011,Hoàng Xuân Tâm,Chị,331329526
KH00443,Hồ Ngọc Tú,Anh,944409180
KH01199,Tạ Gia Sơn,Anh,787056792
KH00445,Đặng Tấn Nam,Anh,862091664
KH01032,Võ Khánh Nhi,Chị,821947505
KH00796,Tạ Kim Như,Chị,974642950
KH01367,Lý Nhật Trúc,Chị,818935102
KH00456,Đặng Ngọc Quân,Anh,889112297
KH01228,Đỗ Bảo Phương,Chị,964691184
KH01275,Nguyễn Bảo Dũng,Anh,336885620
KH00367,Vũ Kim Vy,Chị,379953972
KH02276,Vũ Anh Huy,Anh,824302554
KH00901,Ngô Gia Thắng,Anh,705379706
KH01031,Hoàng Kim Linh,Chị,704968539
KH01436,Ngô Hữu An,Anh,945016315
KH00446,Dương Tấn Nhi,Chị,865897410
KH01724,Ngô Bảo Trúc,Chị,868170557
KH02435,Tạ Mỹ Sơn,Anh,398746735
KH00845,Ngô Thanh Tiên,Chị,830622678
KH00423,Lê Xuân Huy,Anh,795915226
KH02417,Đặng Nhật Đạt,Anh,363654624
KH00302,Mai Tấn Minh,Anh,342377609
KH01113,Bùi Anh Loan,Chị,903382909
KH00408,Hoàng Tuấn Ngân,Chị,823482411
KH00437,Võ Đức Chi,Chị,323518304
KH01459,Nguyễn Tấn Bình,Anh,979844311
KH00350,Cao Thị Trung,Anh,831491852
KH02326,Đặng Tuấn Hương,Chị,377854199
KH00987,Tạ Minh Nam,Anh,380901072
KH00913,Phạm Văn Phúc,Anh,705941238
KH00792,Huỳnh Kim Phương,Chị,784971649
KH01256,Hồ Tấn Thảo,Chị,845797550
KH01523,Phan Thanh Thắng,Anh,918574555
KH02164,Đặng Thùy Anh,Chị,919497287
KH02030,Dương Hoài Hậu,Chị,704252474
KH01800,Nguyễn Minh Phong,Anh,323627657
KH00719,Vũ Văn Trúc,Chị,798002174
KH00146,Nguyễn Kim Dũng,Anh,966987361
KH01406,Mai Thanh Hương,Chị,981526044
KH00396,Bùi Xuân Quỳnh,Chị,948125100
KH00749,Đặng Nhật Long,Anh,706785677
KH01184,Nguyễn Hoài Thảo,Chị,850262264
KH01846,Đặng Quốc Khang,Anh,830995967
KH01263,Lý Đức Hương,Chị,362228517
KH01220,Đinh Hữu Nam,Anh,708299633
KH00816,Võ Anh Đạt,Anh,703568907
KH00852,Dương Thị Linh,Chị,765306197
KH01907,Bùi Thị Sơn,Anh,857490323
KH00371,Hồ Thị Loan,Chị,812253393
KH00769,Lê Bảo Nhi,Chị,328841864
KH00331,Phạm Thanh Linh,Chị,910112193
KH00179,Đỗ Tấn Trung,Anh,908253406
KH01224,Hoàng Thanh An,Anh,822026925
KH00362,Hoàng Quốc Yến,Chị,812501224
KH00206,Cao Ngọc Dũng,Anh,832747089
KH01839,Đặng Hoài An,Anh,940758981
KH01013,Hồ Nhật Thảo,Chị,362496673
KH00953,Phạm Anh Linh,Chị,985690162
KH00475,Bùi Thùy Vy,Chị,975519908
KH01739,Nguyễn Thị Tiên,Chị,351696221
KH00287,Đặng Tuấn Khang,Anh,869655565
KH00311,Lê Xuân Bình,Anh,774057294
KH00612,Phạm Anh Yến,Chị,388506960
KH00368,Nguyễn Ngọc Phương,Chị,770148017
KH00911,Hoàng Thị Như,Chị,815820187
KH00940,Đinh Kim Anh,Chị,968467984
KH02031,Nguyễn Bảo Huy,Anh,812791414
KH02153,Hoàng Tuấn Huy,Anh,886936460
KH02206,Phan Thanh Quỳnh,Chị,883114765
KH00265,Mai Văn Tài,Anh,985261641
KH01067,Hồ Gia Long,Anh,944040707
KH02253,Hồ Quốc Như,Chị,850980098
KH00942,Bùi Gia Tiên,Chị,396690241
KH01699,Huỳnh Thanh Tiên,Chị,823580161
KH01012,Nguyễn Tấn Phương,Chị,394224836
KH00334,Tạ Bảo Sơn,Anh,774570451
KH01094,Mai Mỹ Hải,Anh,368058845
KH01029,Tạ Khánh Thảo,Chị,371508047
KH00234,Bùi Thùy Tú,Anh,347796795
KH00863,Đỗ Ngọc Tiên,Chị,396909042
KH00977,Phạm Thanh My,Chị,911012112
KH01966,Bùi Bảo Mai,Chị,963734670
KH02397,Mai Ngọc Quân,Anh,900591675
KH00491,Ngô Hữu Tú,Anh,376115629
KH01649,Bùi Thị Quỳnh,Chị,902319274
KH00752,Vũ Đức Ngân,Chị,835850775
KH00776,Phạm Mỹ Dũng,Anh,939117910
KH00835,Bùi Kim Huy,Anh,968850027
KH00401,Võ Văn Chi,Chị,767762738
KH02005,Nguyễn Tấn Vinh,Anh,980183908
KH00507,Võ Gia Long,Anh,913983429
KH01826,Phạm Thùy Hải,Anh,850334941
KH02510,Nguyễn Thanh Thảo,Chị,825564586
KH00770,Vũ Nhật Phương,Chị,789626460
KH01955,Huỳnh Ngọc Kiên,Anh,842487322
KH01299,Nguyễn Ngọc My,Chị,356273942
KH00545,Hoàng Quốc Đạt,Anh,703555301
KH00285,Phạm Tấn Phong,Anh,917428257
KH00510,Huỳnh Thùy Hậu,Chị,850668139
KH01190,Phan Hữu Thảo,Chị,320630935
KH02413,Phạm Nhật Chi,Chị,836583019
KH00972,Võ Văn Nhi,Chị,382118897
KH00587,Ngô Thùy Sơn,Anh,860943666
KH00134,Ngô Nhật Dũng,Anh,972947575
KH01181,Trần Ngọc An,Anh,868348408
KH01290,Mai Minh My,Chị,846125744
KH00670,Trần Thị Trang,Chị,324044004
KH02196,Phan Minh Thảo,Chị,783440746
KH01089,Dương Nhật Khang,Anh,363811122
KH01026,Huỳnh Kim Hải,Anh,392985942
KH02565,Nguyễn Mỹ Khang,Anh,777517649
KH00922,Võ Minh Minh,Anh,810408394
KH01262,Lê Hoài Dũng,Anh,852356711
KH02543,Đỗ Khánh Đạt,Anh,362646242
KH01521,Hoàng Bảo My,Chị,889728319
KH01380,Bùi Tuấn Minh,Anh,393052416
KH00461,Mai Văn Tài,Anh,903093276
KH01445,Phan Khánh Phúc,Anh,398589222
KH01053,Đinh Tấn Vy,Chị,977859123
KH00619,Lý Tuấn Phúc,Anh,394197613
KH01283,Bùi Thị Phúc,Anh,386504957
KH00345,Lê Nhật Vinh,Anh,935908827
KH01254,Lê Kim Yến,Chị,863913004
KH01933,Đinh Minh Trang,Chị,782872948
KH01910,Đinh Mỹ Anh,Chị,849050123
KH00380,Mai Kim Tiên,Chị,855891289
KH02374,Cao Anh Yến,Chị,766426749
KH01722,Tạ Hoài Quỳnh,Chị,782004699
KH02384,Bùi Hoài Ngân,Chị,864800913
KH01697,Võ Minh Loan,Chị,354928559
KH02278,Trần Hoài Hậu,Chị,857943652
KH02482,Lý Ngọc Long,Anh,767508753
KH01329,Cao Quốc Trúc,Chị,359319997
KH01127,Phạm Ngọc Hương,Chị,396096986
KH00563,Đinh Khánh Phương,Chị,940847854
KH00430,Phạm Hoài Phương,Chị,837701468
KH00546,Bùi Bảo Dũng,Anh,909125798
KH00533,Đặng Bảo Trúc,Chị,784901168
KH00414,Dương Xuân Yến,Chị,840249635
KH01632,Dương Kim Hậu,Chị,773619339
KH00680,Hoàng Thùy Loan,Chị,889272501
KH00756,Đặng Gia Hải,Anh,707330451
KH00799,Nguyễn Kim Vy,Chị,989173838
KH00710,Vũ Đức Nam,Anh,764046878
KH02214,Hồ Hoài Dũng,Anh,972239402
KH00480,Tạ Bảo Trúc,Chị,341100021
KH01270,Tạ Minh Thắng,Anh,789032846
KH00181,Huỳnh Văn Quân,Anh,941006244
KH02207,Dương Kim Vy,Chị,329720467
KH01083,Nguyễn Thùy Tâm,Chị,867891595
KH02368,Phan Thùy Minh,Anh,794075914
KH01617,Đặng Xuân Ngân,Chị,761758475
KH02006,Lý Hữu Quân,Anh,887052681
KH00541,Dương Anh Hải,Anh,790309258
KH01974,Cao Tuấn Yến,Chị,329484930
KH02351,Võ Đức Phong,Anh,970335674
KH00428,Phan Hoài Vy,Chị,863722456
KH01241,Vũ Đức Quỳnh,Chị,795404418
KH00295,Hồ Thùy Phương,Chị,830054122
KH00624,Huỳnh Anh Quỳnh,Chị,760666438
KH02134,Lý Ngọc Nhi,Chị,830289907
KH01186,Hồ Anh Thắng,Anh,397548814
KH02521,Đỗ Nhật Ngân,Chị,906075921
KH00556,Ngô Kim Trung,Anh,324617924
KH01259,Huỳnh Hữu An,Anh,917020514
KH00747,Lý Tuấn Như,Chị,977984433
KH00359,Bùi Khánh Hương,Chị,984517655
KH00910,Nguyễn Anh Mai,Chị,816330036
KH00415,Phan Anh Vy,Chị,821464265
KH00347,Hồ Ngọc Như,Chị,817218475
KH00889,Nguyễn Minh Thảo,Chị,838745152
KH01148,Dương Đức Chi,Chị,917141788
KH02472,Huỳnh Mỹ Vinh,Anh,989193756
KH01900,Nguyễn Nhật Nhi,Chị,378439492
KH00464,Phan Bảo Phong,Anh,361210314
KH00330,Cao Thị Thảo,Chị,320405873
KH02586,Đặng Thùy Minh,Anh,700941914
KH01046,Đỗ Bảo Ngân,Chị,773251159
KH00374,Lý Bảo Phương,Chị,854401249
KH01766,Cao Ngọc Loan,Chị,333257007
KH00952,Huỳnh Tuấn Tiên,Chị,353726750
KH01170,Dương Nhật Quân,Anh,860739415
KH00424,Huỳnh Quốc Vinh,Anh,855980691
KH00432,Nguyễn Thị Tâm,Chị,350309430
KH01989,Lê Khánh Tú,Anh,828435553
KH00167,Mai Hữu Vy,Chị,817973585
KH02478,Phan Tấn Khang,Anh,857399453
KH00982,Hồ Nhật My,Chị,919554372
KH00746,Vũ Tuấn Hương,Chị,980534032
KH01495,Ngô Văn Vy,Chị,822209092
KH01720,Tạ Khánh Quân,Anh,700881608
KH00934,Đỗ Thanh Vinh,Anh,887559095
KH00410,Phan Hữu Dũng,Anh,362915911
KH00844,Huỳnh Thùy Vy,Chị,975643815
KH02146,Tạ Tuấn Tiên,Chị,911075326
KH02292,Trần Thùy Anh,Chị,351814866
KH00438,Huỳnh Tuấn Sơn,Anh,941166294
KH01244,Đỗ Hoài Thảo,Chị,901240106
KH02396,Đặng Tấn Ngân,Chị,970259776
KH00595,Nguyễn Ngọc Yến,Chị,937752442
KH00761,Phạm Nhật Loan,Chị,932190629
KH00557,Nguyễn Tấn Linh,Chị,338289505
KH00665,Nguyễn Văn Vinh,Anh,987400772
KH01420,Lê Khánh Sơn,Anh,773768416
KH01167,Đặng Thị Huy,Anh,974346915
KH00549,Ngô Hoài Hương,Chị,351182209
KH01205,Bùi Xuân Hương,Chị,965933997
KH00543,Ngô Tấn Vinh,Anh,842366485
KH01337,Hoàng Kim Tú,Anh,768494494
KH01894,Mai Thị Hương,Chị,328796346
KH02087,Phan Thị Yến,Chị,780990220
KH01063,Huỳnh Kim Huy,Anh,321875758
KH01711,Mai Xuân Vy,Chị,817600261
KH00363,Hoàng Hoài Trúc,Chị,934693117
KH00442,Mai Quốc Tú,Anh,948728058
KH00615,Hoàng Tuấn Quân,Anh,398091071
KH01507,Võ Bảo Kiên,Anh,354664163
KH01520,Dương Tuấn Mai,Chị,336822609
KH00252,Ngô Nhật Ngân,Chị,938686284
KH00970,Dương Thùy Vy,Chị,395751544
KH00530,Lê Bảo Nhi,Chị,930876170
KH02172,Vũ Tuấn Sơn,Anh,826688921
